{"cameraMode":{"drawMode":0,"name":"Shaded","section":"Shading Mode"},"sceneLighting":false,"audioPlay":false,"sceneViewState":{"showFog":true,"showMaterialUpdate":false,"showSkybox":true,"showFlares":true,"showImageEffects":true,"showParticleSystems":true},"in2DMode":false,"pivot":{"x":-283.7965087890625,"y":-45.14054489135742,"z":-201.91476440429688},"rotation":{"x":-0.17545947432518006,"y":0.7376386523246765,"z":-0.20963872969150544,"w":-0.6173930764198303},"size":45.98106384277344,"orthographic":false}