{"cameraMode":{"drawMode":0,"name":"Shaded","section":"Shading Mode"},"sceneLighting":false,"audioPlay":false,"sceneViewState":{"showFog":true,"showMaterialUpdate":false,"showSkybox":true,"showFlares":true,"showImageEffects":true,"showParticleSystems":true},"in2DMode":false,"pivot":{"x":-216.64419555664063,"y":0.5225276947021484,"z":-182.87344360351563},"rotation":{"x":-0.000509369361680001,"y":0.9974742531776428,"z":-0.07074848562479019,"w":-0.007178862579166889},"size":1.264823079109192,"orthographic":false}